"name"	"size"	"type"	"directory"
".gitignore"	"60"	"file"	"G:\Домашнее задание GeekBrains\Immersion_in_python"
"README.md"	"21"	"file"	"G:\Домашнее задание GeekBrains\Immersion_in_python"
"COMMIT_EDITMSG"	"300"	"file"	"G:\Домашнее задание GeekBrains\Immersion_in_python\.git"
"config"	"916"	"file"	"G:\Домашнее задание GeekBrains\Immersion_in_python\.git"
"description"	"73"	"file"	"G:\Домашнее задание GeekBrains\Immersion_in_python\.git"
"FETCH_HEAD"	"1177"	"file"	"G:\Домашнее задание GeekBrains\Immersion_in_python\.git"
"HEAD"	"28"	"file"	"G:\Домашнее задание GeekBrains\Immersion_in_python\.git"
"index"	"4828"	"file"	"G:\Домашнее задание GeekBrains\Immersion_in_python\.git"
"ORIG_HEAD"	"41"	"file"	"G:\Домашнее задание GeekBrains\Immersion_in_python\.git"
"packed-refs"	"185"	"file"	"G:\Домашнее задание GeekBrains\Immersion_in_python\.git"
"applypatch-msg.sample"	"478"	"file"	"G:\Домашнее задание GeekBrains\Immersion_in_python\.git\hooks"
"commit-msg.sample"	"896"	"file"	"G:\Домашнее задание GeekBrains\Immersion_in_python\.git\hooks"
"fsmonitor-watchman.sample"	"4726"	"file"	"G:\Домашнее задание GeekBrains\Immersion_in_python\.git\hooks"
"post-update.sample"	"189"	"file"	"G:\Домашнее задание GeekBrains\Immersion_in_python\.git\hooks"
"pre-applypatch.sample"	"424"	"file"	"G:\Домашнее задание GeekBrains\Immersion_in_python\.git\hooks"
"pre-commit.sample"	"1643"	"file"	"G:\Домашнее задание GeekBrains\Immersion_in_python\.git\hooks"
"pre-merge-commit.sample"	"416"	"file"	"G:\Домашнее задание GeekBrains\Immersion_in_python\.git\hooks"
"pre-push.sample"	"1374"	"file"	"G:\Домашнее задание GeekBrains\Immersion_in_python\.git\hooks"
"pre-rebase.sample"	"4898"	"file"	"G:\Домашнее задание GeekBrains\Immersion_in_python\.git\hooks"
"pre-receive.sample"	"544"	"file"	"G:\Домашнее задание GeekBrains\Immersion_in_python\.git\hooks"
"prepare-commit-msg.sample"	"1492"	"file"	"G:\Домашнее задание GeekBrains\Immersion_in_python\.git\hooks"
"push-to-checkout.sample"	"2783"	"file"	"G:\Домашнее задание GeekBrains\Immersion_in_python\.git\hooks"
"update.sample"	"3650"	"file"	"G:\Домашнее задание GeekBrains\Immersion_in_python\.git\hooks"
"exclude"	"240"	"file"	"G:\Домашнее задание GeekBrains\Immersion_in_python\.git\info"
"HEAD"	"7115"	"file"	"G:\Домашнее задание GeekBrains\Immersion_in_python\.git\logs"
"Home_Work_1"	"481"	"file"	"G:\Домашнее задание GeekBrains\Immersion_in_python\.git\logs\refs\heads"
"Home_Work_2"	"488"	"file"	"G:\Домашнее задание GeekBrains\Immersion_in_python\.git\logs\refs\heads"
"Home_Work_3"	"488"	"file"	"G:\Домашнее задание GeekBrains\Immersion_in_python\.git\logs\refs\heads"
"Home_Work_4"	"461"	"file"	"G:\Домашнее задание GeekBrains\Immersion_in_python\.git\logs\refs\heads"
"Home_Work_5"	"648"	"file"	"G:\Домашнее задание GeekBrains\Immersion_in_python\.git\logs\refs\heads"
"Home_Work_6"	"629"	"file"	"G:\Домашнее задание GeekBrains\Immersion_in_python\.git\logs\refs\heads"
"Home_Work_7"	"1087"	"file"	"G:\Домашнее задание GeekBrains\Immersion_in_python\.git\logs\refs\heads"
"Home_Work_8"	"181"	"file"	"G:\Домашнее задание GeekBrains\Immersion_in_python\.git\logs\refs\heads"
"main"	"1523"	"file"	"G:\Домашнее задание GeekBrains\Immersion_in_python\.git\logs\refs\heads"
"HEAD"	"198"	"file"	"G:\Домашнее задание GeekBrains\Immersion_in_python\.git\logs\refs\remotes\origin"
"Home_Work_1"	"286"	"file"	"G:\Домашнее задание GeekBrains\Immersion_in_python\.git\logs\refs\remotes\origin"
"Home_Work_2"	"433"	"file"	"G:\Домашнее задание GeekBrains\Immersion_in_python\.git\logs\refs\remotes\origin"
"Home_Work_3"	"433"	"file"	"G:\Домашнее задание GeekBrains\Immersion_in_python\.git\logs\refs\remotes\origin"
"Home_Work_4"	"433"	"file"	"G:\Домашнее задание GeekBrains\Immersion_in_python\.git\logs\refs\remotes\origin"
"Home_Work_5"	"576"	"file"	"G:\Домашнее задание GeekBrains\Immersion_in_python\.git\logs\refs\remotes\origin"
"Home_Work_6"	"576"	"file"	"G:\Домашнее задание GeekBrains\Immersion_in_python\.git\logs\refs\remotes\origin"
"Home_Work_7"	"576"	"file"	"G:\Домашнее задание GeekBrains\Immersion_in_python\.git\logs\refs\remotes\origin"
"Home_Work_8"	"147"	"file"	"G:\Домашнее задание GeekBrains\Immersion_in_python\.git\logs\refs\remotes\origin"
"main"	"1315"	"file"	"G:\Домашнее задание GeekBrains\Immersion_in_python\.git\logs\refs\remotes\origin"
"8d2055b7778fba6856b7ae201ca0600e77fb2d"	"154"	"file"	"G:\Домашнее задание GeekBrains\Immersion_in_python\.git\objects\01"
"e1dcef8093df9697b450973d76bb86a5506e63"	"142"	"file"	"G:\Домашнее задание GeekBrains\Immersion_in_python\.git\objects\01"
"09e78af9b915f5ac726b9c268ad2786d51baf6"	"1205"	"file"	"G:\Домашнее задание GeekBrains\Immersion_in_python\.git\objects\02"
"839d7d65df22c0a0ab14de5ed16a618758221d"	"91"	"file"	"G:\Домашнее задание GeekBrains\Immersion_in_python\.git\objects\02"
"e52c841b4c458463c23702cc56b23026f45f72"	"204"	"file"	"G:\Домашнее задание GeekBrains\Immersion_in_python\.git\objects\02"
"64f80e33989aaaa9f333a81914d896da283c4c"	"163"	"file"	"G:\Домашнее задание GeekBrains\Immersion_in_python\.git\objects\04"
"2554900fb60ddf0c1f4a05143bd79e8c4ab225"	"665"	"file"	"G:\Домашнее задание GeekBrains\Immersion_in_python\.git\objects\07"
"cb0115726c2b1e17c9b756cd6f7d62bb84d7ef"	"205"	"file"	"G:\Домашнее задание GeekBrains\Immersion_in_python\.git\objects\07"
"e05d7c034655d72cfcaa96fb405a103f0aa0d1"	"880"	"file"	"G:\Домашнее задание GeekBrains\Immersion_in_python\.git\objects\08"
"bdc8f8dee28210210860e23d26cd9260c9736a"	"926"	"file"	"G:\Домашнее задание GeekBrains\Immersion_in_python\.git\objects\0b"
"3bbc18b49d1b500ca1f29884137f8259a68beb"	"850"	"file"	"G:\Домашнее задание GeekBrains\Immersion_in_python\.git\objects\0c"
"4c569cf4c28145f16b1a9c23bcfc5649307348"	"163"	"file"	"G:\Домашнее задание GeekBrains\Immersion_in_python\.git\objects\0c"
"d78ebd32bf09554624e3d47b0f5e4c1c23710a"	"241"	"file"	"G:\Домашнее задание GeekBrains\Immersion_in_python\.git\objects\0c"
"bc6221b6811ebee3711d1b9d2d1e33cd3a5a8a"	"158"	"file"	"G:\Домашнее задание GeekBrains\Immersion_in_python\.git\objects\12"
"e1bb058cd440c815b531a30a2140654cf2e95a"	"293"	"file"	"G:\Домашнее задание GeekBrains\Immersion_in_python\.git\objects\12"
"8ad5ebb8021afae373a9504878b5a62d305476"	"65"	"file"	"G:\Домашнее задание GeekBrains\Immersion_in_python\.git\objects\13"
"b6c84176f3ef23916a69377722f0250870b8ca"	"162"	"file"	"G:\Домашнее задание GeekBrains\Immersion_in_python\.git\objects\16"
"40060b9f19b9d8582a62a43d839f3ab74cbe19"	"1189"	"file"	"G:\Домашнее задание GeekBrains\Immersion_in_python\.git\objects\17"
"43a265486be20f412cd4b4d08b3061b3d7eec5"	"157"	"file"	"G:\Домашнее задание GeekBrains\Immersion_in_python\.git\objects\19"
"53ba8c94386ea1ecd00b9471c64f2f9822def4"	"896"	"file"	"G:\Домашнее задание GeekBrains\Immersion_in_python\.git\objects\1b"
"9e2896becfeb1ab92f1fb0fcfd0ef68e1efc38"	"168"	"file"	"G:\Домашнее задание GeekBrains\Immersion_in_python\.git\objects\1b"
"eedc3b6f809b7cb1b75ef4ae7f73cd531dcccf"	"89"	"file"	"G:\Домашнее задание GeekBrains\Immersion_in_python\.git\objects\1f"
"3b11ecd519992fe131269952623cabfd1d0a14"	"200"	"file"	"G:\Домашнее задание GeekBrains\Immersion_in_python\.git\objects\23"
"8314c3c843a38e7959f54a50b81b71aa6f777a"	"97"	"file"	"G:\Домашнее задание GeekBrains\Immersion_in_python\.git\objects\23"
"1cd53403506db5b198d2074bc361de97e29383"	"199"	"file"	"G:\Домашнее задание GeekBrains\Immersion_in_python\.git\objects\24"
"c0eb26586e1089cb1b3ac030593aedde5a01da"	"199"	"file"	"G:\Домашнее задание GeekBrains\Immersion_in_python\.git\objects\25"
"1feed4793927ccd330b98a906c167699112f12"	"223"	"file"	"G:\Домашнее задание GeekBrains\Immersion_in_python\.git\objects\27"
"4fd2d398dfd8109d6ea8a9fcda16af4c9497bd"	"220"	"file"	"G:\Домашнее задание GeekBrains\Immersion_in_python\.git\objects\27"
"e8d8e034227d6c1eb11ca1d058d9744de5a75a"	"626"	"file"	"G:\Домашнее задание GeekBrains\Immersion_in_python\.git\objects\2a"
"1594970cf403736773540e40a23baf714958b7"	"236"	"file"	"G:\Домашнее задание GeekBrains\Immersion_in_python\.git\objects\2b"
"3f8d461704484a2ca7d039d358d929fd84c237"	"1048"	"file"	"G:\Домашнее задание GeekBrains\Immersion_in_python\.git\objects\2b"
"8f1d74921c31d5a733133d6651ae02c686bc64"	"2088"	"file"	"G:\Домашнее задание GeekBrains\Immersion_in_python\.git\objects\2b"
"7cf02c0fe7cdca680fbfcdadbde10a1f1751f5"	"627"	"file"	"G:\Домашнее задание GeekBrains\Immersion_in_python\.git\objects\2d"
"b624559ae86fc02a85f144c7914bff38b21ec3"	"117"	"file"	"G:\Домашнее задание GeekBrains\Immersion_in_python\.git\objects\2e"
"cea19ebe6df2f18f8a8ec6cd4fe56994861883"	"91"	"file"	"G:\Домашнее задание GeekBrains\Immersion_in_python\.git\objects\2f"
"3e26a7ae0d3f506c3a1b831bc1774e48c906cf"	"117"	"file"	"G:\Домашнее задание GeekBrains\Immersion_in_python\.git\objects\31"
"64b831ea3608f19fea95247b7d6c51f5b9da55"	"569"	"file"	"G:\Домашнее задание GeekBrains\Immersion_in_python\.git\objects\31"
"b00a8ca45f982ceac7c1bb08b28695dfbd8502"	"453"	"file"	"G:\Домашнее задание GeekBrains\Immersion_in_python\.git\objects\34"
"dfe039bd563850140d45b673aff27e0dfcb95f"	"91"	"file"	"G:\Домашнее задание GeekBrains\Immersion_in_python\.git\objects\34"
"c8db72ad7afb7ad750b9fe429244ae97551e45"	"106"	"file"	"G:\Домашнее задание GeekBrains\Immersion_in_python\.git\objects\36"
"84fd351223fdd036579c1c077f767d142fdff5"	"1052"	"file"	"G:\Домашнее задание GeekBrains\Immersion_in_python\.git\objects\38"
"237a1408ba156d6a04107ac13a8e627e30a9e3"	"584"	"file"	"G:\Домашнее задание GeekBrains\Immersion_in_python\.git\objects\39"
"4a836978bb3847ef269c24094501476c2c0f54"	"89"	"file"	"G:\Домашнее задание GeekBrains\Immersion_in_python\.git\objects\39"
"4371d3797789f8a8bca3a9964d329c04a67467"	"2167"	"file"	"G:\Домашнее задание GeekBrains\Immersion_in_python\.git\objects\3a"
"d454767e371608eca93726d08bef3f91ea6151"	"193"	"file"	"G:\Домашнее задание GeekBrains\Immersion_in_python\.git\objects\3c"
"d551371b7399918cff5df62506c3e9fa496307"	"220"	"file"	"G:\Домашнее задание GeekBrains\Immersion_in_python\.git\objects\3c"
"723c193bc4cd99da53ef6a6b86eeafcba20b3f"	"513"	"file"	"G:\Домашнее задание GeekBrains\Immersion_in_python\.git\objects\3d"
"d841a8f798ba7d35a2206fc189f2349e3543bb"	"463"	"file"	"G:\Домашнее задание GeekBrains\Immersion_in_python\.git\objects\40"
"098f3a32848a218668bd1e1840b88e48fdfdb0"	"90"	"file"	"G:\Домашнее задание GeekBrains\Immersion_in_python\.git\objects\41"
"288713cb0ec535eb53a387f2544325128ae8b9"	"291"	"file"	"G:\Домашнее задание GeekBrains\Immersion_in_python\.git\objects\41"
"8031384a21cab831317287e09f9e37fa29b3c0"	"163"	"file"	"G:\Домашнее задание GeekBrains\Immersion_in_python\.git\objects\41"
"d1256d5670bf2715592378977b4acf208dea7a"	"1090"	"file"	"G:\Домашнее задание GeekBrains\Immersion_in_python\.git\objects\41"
"76a7b6a6535b51674e4897f9b55410031332c7"	"535"	"file"	"G:\Домашнее задание GeekBrains\Immersion_in_python\.git\objects\42"
"96569fd926ca5f5977ae80370183d8658690e9"	"664"	"file"	"G:\Домашнее задание GeekBrains\Immersion_in_python\.git\objects\44"
"d9aca53fe9764bf7457598c78b4bfd70e436da"	"213"	"file"	"G:\Домашнее задание GeekBrains\Immersion_in_python\.git\objects\46"
"e895a506996d31cf2cb5686cd480c561ea4867"	"117"	"file"	"G:\Домашнее задание GeekBrains\Immersion_in_python\.git\objects\46"
"e39b60588a5a5019f6b725526c780adfc4e6f6"	"584"	"file"	"G:\Домашнее задание GeekBrains\Immersion_in_python\.git\objects\47"
"f2b611e3e639fa8dc375e749546b429f419dd9"	"168"	"file"	"G:\Домашнее задание GeekBrains\Immersion_in_python\.git\objects\47"
"7e4ac078b7ed3d40f9f16decc4caf371e97ca6"	"143"	"file"	"G:\Домашнее задание GeekBrains\Immersion_in_python\.git\objects\48"
"d5d65a8bd810c48d9007f592161d724ccd79fc"	"1281"	"file"	"G:\Домашнее задание GeekBrains\Immersion_in_python\.git\objects\4c"
"aae3952c1ce5c0321765b9fb6ce2277f81890a"	"351"	"file"	"G:\Домашнее задание GeekBrains\Immersion_in_python\.git\objects\4e"
"ed7dc3e62cfd9da12874ede4aa4b221de1644c"	"169"	"file"	"G:\Домашнее задание GeekBrains\Immersion_in_python\.git\objects\4f"
"6d9a48bf1936a04e362a7875e15e0f19f4eeef"	"1143"	"file"	"G:\Домашнее задание GeekBrains\Immersion_in_python\.git\objects\51"
"b7c9ccdd24db105def58453645fcb611a4fb6c"	"779"	"file"	"G:\Домашнее задание GeekBrains\Immersion_in_python\.git\objects\51"
"78784a4a43548c19a46e4d00fb269ea35bcbbf"	"173"	"file"	"G:\Домашнее задание GeekBrains\Immersion_in_python\.git\objects\52"
"06c90654b44045efc6cb11515ec0168ee4e298"	"3046"	"file"	"G:\Домашнее задание GeekBrains\Immersion_in_python\.git\objects\54"
"fdd397c88fbba47eaef9477ff3f316d3318fc4"	"162"	"file"	"G:\Домашнее задание GeekBrains\Immersion_in_python\.git\objects\54"
"20812ebe710b2959c11738d1cd38a53aeb5967"	"1272"	"file"	"G:\Домашнее задание GeekBrains\Immersion_in_python\.git\objects\57"
"8dcd749869ce6c676fbc85050c409ae81f2faf"	"99"	"file"	"G:\Домашнее задание GeekBrains\Immersion_in_python\.git\objects\57"
"07ea121f555faa375d1c980617f306ce64e45e"	"653"	"file"	"G:\Домашнее задание GeekBrains\Immersion_in_python\.git\objects\59"
"be003da5d3bc45da6dfdafbb2524861353b2df"	"971"	"file"	"G:\Домашнее задание GeekBrains\Immersion_in_python\.git\objects\59"
"0bc7cce58e8d1b60f199f35e9d2b931182acf6"	"198"	"file"	"G:\Домашнее задание GeekBrains\Immersion_in_python\.git\objects\5a"
"2244cf2825059ad143155857c1b5c0ac335ec4"	"159"	"file"	"G:\Домашнее задание GeekBrains\Immersion_in_python\.git\objects\5a"
"9c0a8ad22f6e7ee963c4d9cdb28b0c270e5a63"	"2028"	"file"	"G:\Домашнее задание GeekBrains\Immersion_in_python\.git\objects\5a"
"5e7263ea8c1b0d1e5931ac4b28c37cbef77533"	"67"	"file"	"G:\Домашнее задание GeekBrains\Immersion_in_python\.git\objects\5b"
"17daa634d0af04c2dbba34e1ab2de00c2c2ecd"	"57"	"file"	"G:\Домашнее задание GeekBrains\Immersion_in_python\.git\objects\5c"
"0cb306406842bf8baa149d899ced72c65d0638"	"631"	"file"	"G:\Домашнее задание GeekBrains\Immersion_in_python\.git\objects\5e"
"b7216d8b74fc4e09437945b693efde0fe9a1aa"	"626"	"file"	"G:\Домашнее задание GeekBrains\Immersion_in_python\.git\objects\5e"
"372180806f7451a10640c2765c697f260af404"	"852"	"file"	"G:\Домашнее задание GeekBrains\Immersion_in_python\.git\objects\5f"
"e21f8e0172018fbfcd4d28c76aef4ce9411937"	"159"	"file"	"G:\Домашнее задание GeekBrains\Immersion_in_python\.git\objects\5f"
"a1c0c96c208a9be911835cb936a2bfb215aeba"	"185"	"file"	"G:\Домашнее задание GeekBrains\Immersion_in_python\.git\objects\63"
"c2ecde2918b69997978fb8debc310bddb973c1"	"489"	"file"	"G:\Домашнее задание GeekBrains\Immersion_in_python\.git\objects\63"
"a127afafd08e2eb27f3057512e348ad654ccc2"	"869"	"file"	"G:\Домашнее задание GeekBrains\Immersion_in_python\.git\objects\65"
"509e8bb6fd2ddfc1cd7177ef0fb7e3b4f43931"	"105"	"file"	"G:\Домашнее задание GeekBrains\Immersion_in_python\.git\objects\66"
"492d8be32484453db258c8967eaa8d0762c019"	"106"	"file"	"G:\Домашнее задание GeekBrains\Immersion_in_python\.git\objects\67"
"2130f053dcc8fc36da18913b08d14443998fbe"	"394"	"file"	"G:\Домашнее задание GeekBrains\Immersion_in_python\.git\objects\6a"
"0464f3374d2bab0a26efd9b2c2c75a38212b07"	"282"	"file"	"G:\Домашнее задание GeekBrains\Immersion_in_python\.git\objects\6b"
"af74daaf1520dbef350eb4cae384fa9b9a97f9"	"396"	"file"	"G:\Домашнее задание GeekBrains\Immersion_in_python\.git\objects\6b"
"7f56581bb2534daa8764f471ae559a1ee91f6b"	"318"	"file"	"G:\Домашнее задание GeekBrains\Immersion_in_python\.git\objects\6e"
"ed0ed8a45d0d85decf445f28cd5e3ff2277fde"	"714"	"file"	"G:\Домашнее задание GeekBrains\Immersion_in_python\.git\objects\6e"
"4426ed3bbe159f287ecd0e1487f7fc6ad1ac56"	"723"	"file"	"G:\Домашнее задание GeekBrains\Immersion_in_python\.git\objects\6f"
"9e752b98440185059b2874d6cbed97777cf38e"	"171"	"file"	"G:\Домашнее задание GeekBrains\Immersion_in_python\.git\objects\71"
"fa6e53e21ac3e6e26b1e34575aee8e86f419e6"	"2016"	"file"	"G:\Домашнее задание GeekBrains\Immersion_in_python\.git\objects\72"
"e6f94ce9c1ec444b5ecd488bade378a2850baf"	"218"	"file"	"G:\Домашнее задание GeekBrains\Immersion_in_python\.git\objects\73"
"f82655997ae5abebedc527910693eb8255ed35"	"190"	"file"	"G:\Домашнее задание GeekBrains\Immersion_in_python\.git\objects\73"
"669089210a718ec22a399785da2395e925c81c"	"61"	"file"	"G:\Домашнее задание GeekBrains\Immersion_in_python\.git\objects\78"
"25b0343e4e8fdf34bc2c664f35ff9c26116f7c"	"243"	"file"	"G:\Домашнее задание GeekBrains\Immersion_in_python\.git\objects\7a"
"a0b74671748cf7ab60a0e721837bbd940fb04a"	"65"	"file"	"G:\Домашнее задание GeekBrains\Immersion_in_python\.git\objects\7a"
"311787a0668d9117ab39aace29290057c5e004"	"59"	"file"	"G:\Домашнее задание GeekBrains\Immersion_in_python\.git\objects\7b"
"b088775feb2879e2552c07e02cb5729b28efac"	"696"	"file"	"G:\Домашнее задание GeekBrains\Immersion_in_python\.git\objects\7c"
"885fca4fef543e8444d80229bdc19c52456e43"	"622"	"file"	"G:\Домашнее задание GeekBrains\Immersion_in_python\.git\objects\7f"
"a57d41bbbecf717d54aa9bfb39a3f8ed4f401e"	"204"	"file"	"G:\Домашнее задание GeekBrains\Immersion_in_python\.git\objects\80"
"4cd5e5496afcf22c903ad4840a70b722dc67c3"	"287"	"file"	"G:\Домашнее задание GeekBrains\Immersion_in_python\.git\objects\81"
"3dda69877a39570cc733cd404c1ec88db6f835"	"65"	"file"	"G:\Домашнее задание GeekBrains\Immersion_in_python\.git\objects\83"
"6c39d9b65b630c1455e7b0b4c08d22fe593ea5"	"193"	"file"	"G:\Домашнее задание GeekBrains\Immersion_in_python\.git\objects\83"
"08f3618043d649c8dbc03334c0e8c27c09355c"	"163"	"file"	"G:\Домашнее задание GeekBrains\Immersion_in_python\.git\objects\85"
"ac4c62da71751d37055e40b10809b02c402e2f"	"158"	"file"	"G:\Домашнее задание GeekBrains\Immersion_in_python\.git\objects\85"
"6400f25a5c99cb99625bf2b475ad7a82076539"	"533"	"file"	"G:\Домашнее задание GeekBrains\Immersion_in_python\.git\objects\87"
"d7b21712ce7f81590f5712d2447e50b7d66892"	"184"	"file"	"G:\Домашнее задание GeekBrains\Immersion_in_python\.git\objects\87"
"d7f077a334340be13dcde4d3bebe3f9ba123c8"	"691"	"file"	"G:\Домашнее задание GeekBrains\Immersion_in_python\.git\objects\87"
"f5becad694051a44bab7b1caff8b7836166360"	"243"	"file"	"G:\Домашнее задание GeekBrains\Immersion_in_python\.git\objects\87"
"48d9977aaf4f4371d487011200f14584162438"	"623"	"file"	"G:\Домашнее задание GeekBrains\Immersion_in_python\.git\objects\8a"
"e2b88a7003ba7082e8e9a4082d86bccbd2e68a"	"173"	"file"	"G:\Домашнее задание GeekBrains\Immersion_in_python\.git\objects\8a"
"06a6fda7d78bbf321c265cbecbd1d86cd66ce8"	"118"	"file"	"G:\Домашнее задание GeekBrains\Immersion_in_python\.git\objects\8c"
"4528b7abaf0c03a2a7a4fc0cc7b442f88579a5"	"568"	"file"	"G:\Домашнее задание GeekBrains\Immersion_in_python\.git\objects\8c"
"e7a1753e55485cbe0fe44daef8d997c2499fa8"	"412"	"file"	"G:\Домашнее задание GeekBrains\Immersion_in_python\.git\objects\8d"
"e300bfc9e1ad91a39a9f1c32a5f00f1466ac8c"	"166"	"file"	"G:\Домашнее задание GeekBrains\Immersion_in_python\.git\objects\8e"
"c785e41341f11760f8adbf1a1cdc9776c3e2ee"	"167"	"file"	"G:\Домашнее задание GeekBrains\Immersion_in_python\.git\objects\90"
"bdabff9ada3fcd4d3b3d804c6c39821f9e9400"	"2099"	"file"	"G:\Домашнее задание GeekBrains\Immersion_in_python\.git\objects\94"
"cbb638ec99e0da682f7f7ecfec0bb05600ffbb"	"823"	"file"	"G:\Домашнее задание GeekBrains\Immersion_in_python\.git\objects\94"
"9bf47f9c0aff163356c4c70c6a98e9d73d6031"	"340"	"file"	"G:\Домашнее задание GeekBrains\Immersion_in_python\.git\objects\96"
"1eef4b9626ece87885c83a18a64aecc91d31c8"	"617"	"file"	"G:\Домашнее задание GeekBrains\Immersion_in_python\.git\objects\97"
"1fb783fb0abff8096675160be9e71352ed3efc"	"739"	"file"	"G:\Домашнее задание GeekBrains\Immersion_in_python\.git\objects\97"
"c99d2fb1111cdc579f3cd57d092250e28b838f"	"303"	"file"	"G:\Домашнее задание GeekBrains\Immersion_in_python\.git\objects\98"
"bc8da5188a79e2f6ff1effc3763a68d768ff55"	"158"	"file"	"G:\Домашнее задание GeekBrains\Immersion_in_python\.git\objects\99"
"e3f053d81cdb56c994f85fdc7545c32cf08e5c"	"106"	"file"	"G:\Домашнее задание GeekBrains\Immersion_in_python\.git\objects\9b"
"a1f60de5ec806c16bd6d6e891f507e95039bcd"	"162"	"file"	"G:\Домашнее задание GeekBrains\Immersion_in_python\.git\objects\9c"
"9ca5a4f7769322419623f2535a60940315d55b"	"161"	"file"	"G:\Домашнее задание GeekBrains\Immersion_in_python\.git\objects\a0"
"1da2725a2e4b9d57d9a560fdcb40b5da17f8b9"	"311"	"file"	"G:\Домашнее задание GeekBrains\Immersion_in_python\.git\objects\a2"
"6a18f41f48d58c3e7b255527af1caf238a9117"	"629"	"file"	"G:\Домашнее задание GeekBrains\Immersion_in_python\.git\objects\a3"
"a5a971e1cf8bd995838de2dbb84da06d71de35"	"592"	"file"	"G:\Домашнее задание GeekBrains\Immersion_in_python\.git\objects\a9"
"a03b9dc68a309f5b6615394cd7384490a59532"	"632"	"file"	"G:\Домашнее задание GeekBrains\Immersion_in_python\.git\objects\ab"
"f1b2401e37f8e12302534038c83c5f6d2dbf0a"	"556"	"file"	"G:\Домашнее задание GeekBrains\Immersion_in_python\.git\objects\ac"
"9e71cd3786ccf575f8c64a01c9b107e4f183d5"	"98"	"file"	"G:\Домашнее задание GeekBrains\Immersion_in_python\.git\objects\ad"
"adbc97b8ae97904046f598e39712e7efcd4e54"	"1076"	"file"	"G:\Домашнее задание GeekBrains\Immersion_in_python\.git\objects\af"
"218e8e6e60b871901cc56f5be29481316dc08d"	"218"	"file"	"G:\Домашнее задание GeekBrains\Immersion_in_python\.git\objects\b1"
"22fa823acfa145760e514d49a10ded63fdfaeb"	"185"	"file"	"G:\Домашнее задание GeekBrains\Immersion_in_python\.git\objects\b2"
"91270269d58188211afe773ea282662cc2eb73"	"1130"	"file"	"G:\Домашнее задание GeekBrains\Immersion_in_python\.git\objects\b5"
"d05cdfbd0c28c8a456cb326b7799b7b9bdb22e"	"97"	"file"	"G:\Домашнее задание GeekBrains\Immersion_in_python\.git\objects\b6"
"16fb054d68650cf4a42bd99f9a17969d7284b5"	"1268"	"file"	"G:\Домашнее задание GeekBrains\Immersion_in_python\.git\objects\b7"
"17d3f6c4c933aa921c277933d8eafd53791dd8"	"117"	"file"	"G:\Домашнее задание GeekBrains\Immersion_in_python\.git\objects\b8"
"aa20445a04e0db02d5f41e10fca81c9398444b"	"244"	"file"	"G:\Домашнее задание GeekBrains\Immersion_in_python\.git\objects\b8"
"64f9d0548cf28c617ef114883ae925208f71a3"	"441"	"file"	"G:\Домашнее задание GeekBrains\Immersion_in_python\.git\objects\b9"
"b22e47a41d14b30d0eb5755919ce544031297a"	"401"	"file"	"G:\Домашнее задание GeekBrains\Immersion_in_python\.git\objects\b9"
"3492e1e53fd21f6ad5e03871921a811e02db29"	"107"	"file"	"G:\Домашнее задание GeekBrains\Immersion_in_python\.git\objects\ba"
"9910cc0f765580983e7d5e7f4e5eaa23a369e1"	"1183"	"file"	"G:\Домашнее задание GeekBrains\Immersion_in_python\.git\objects\bc"
"2b7a69cd0996ca5158d89bac5ed44eb09ff988"	"716"	"file"	"G:\Домашнее задание GeekBrains\Immersion_in_python\.git\objects\bf"
"5a83a5d892baedcc2449554e3665f43899eebc"	"244"	"file"	"G:\Домашнее задание GeekBrains\Immersion_in_python\.git\objects\c0"
"56097fc2d8425958d013be0648ed04ba24e0fe"	"1248"	"file"	"G:\Домашнее задание GeekBrains\Immersion_in_python\.git\objects\c1"
"92f0d0391ad584288a6b637326e030ee5f5f0b"	"163"	"file"	"G:\Домашнее задание GeekBrains\Immersion_in_python\.git\objects\c3"
"0325bf4ffdda82393803d63cf34a378e496396"	"166"	"file"	"G:\Домашнее задание GeekBrains\Immersion_in_python\.git\objects\c9"
"b5a3e09bda8ee94c6e16d1fa1111aada144010"	"418"	"file"	"G:\Домашнее задание GeekBrains\Immersion_in_python\.git\objects\ca"
"eecb4b4c8b8a295d410c01efecf97e5239e855"	"712"	"file"	"G:\Домашнее задание GeekBrains\Immersion_in_python\.git\objects\ca"
"8602fb57d97d10b95226fa5a5514657f4470b4"	"817"	"file"	"G:\Домашнее задание GeekBrains\Immersion_in_python\.git\objects\cb"
"42d5e8f7f7ee852fc4f6bf39c495c6a200d09f"	"398"	"file"	"G:\Домашнее задание GeekBrains\Immersion_in_python\.git\objects\ce"
"bb0b35360e3a4a34454140724e42fa5f0060dd"	"97"	"file"	"G:\Домашнее задание GeekBrains\Immersion_in_python\.git\objects\ce"
"d12a1f4e3274778bf2938c0b553a44f68d299e"	"183"	"file"	"G:\Домашнее задание GeekBrains\Immersion_in_python\.git\objects\cf"
"eb7a7c4a461d69af96e2dfc9fe88dd48c8e2c1"	"894"	"file"	"G:\Домашнее задание GeekBrains\Immersion_in_python\.git\objects\d0"
"2fd6f38ad05824d96fc9cc10fe8babd630773c"	"59"	"file"	"G:\Домашнее задание GeekBrains\Immersion_in_python\.git\objects\d4"
"69b69a4bceb5a36da049f3d675c461089544b7"	"184"	"file"	"G:\Домашнее задание GeekBrains\Immersion_in_python\.git\objects\d4"
"c7047cdeb86f9e05ce607cd452dac3cf04c63c"	"91"	"file"	"G:\Домашнее задание GeekBrains\Immersion_in_python\.git\objects\d4"
"de8ff9af0921453df4106752a066d33ac10aa0"	"168"	"file"	"G:\Домашнее задание GeekBrains\Immersion_in_python\.git\objects\d7"
"88bbf07f4a1c3c13298d14660956271aaea0b7"	"117"	"file"	"G:\Домашнее задание GeekBrains\Immersion_in_python\.git\objects\d9"
"94faee39f7f80c5deaab2885129b9f66f5cdf7"	"517"	"file"	"G:\Домашнее задание GeekBrains\Immersion_in_python\.git\objects\db"
"4aafcf74ad4703f5a1f26e9d505e4769715689"	"1178"	"file"	"G:\Домашнее задание GeekBrains\Immersion_in_python\.git\objects\dc"
"07d51aa58422a2c24d0990a18b78e49ce9e779"	"242"	"file"	"G:\Домашнее задание GeekBrains\Immersion_in_python\.git\objects\dd"
"1a346afe55a8dd531f96a559db3a5bb15a57c4"	"185"	"file"	"G:\Домашнее задание GeekBrains\Immersion_in_python\.git\objects\df"
"b2706dae7fe421b8b2ec6b10e009e45964e334"	"2594"	"file"	"G:\Домашнее задание GeekBrains\Immersion_in_python\.git\objects\df"
"f0b6ce56b52222715cee4c7043052d93ac250e"	"632"	"file"	"G:\Домашнее задание GeekBrains\Immersion_in_python\.git\objects\e1"
"dc61775b87db246cfa856deddc744764210b4b"	"193"	"file"	"G:\Домашнее задание GeekBrains\Immersion_in_python\.git\objects\e2"
"e14787d55e320cd9b9283bd8f1c04d4d1071f1"	"1851"	"file"	"G:\Домашнее задание GeekBrains\Immersion_in_python\.git\objects\e3"
"84c93e55ea11efdd5bb35a6ab26bde8e1a9cd9"	"58"	"file"	"G:\Домашнее задание GeekBrains\Immersion_in_python\.git\objects\e5"
"6d0ba9c9e6da68617027b3020bb7faf0fb2f37"	"66"	"file"	"G:\Домашнее задание GeekBrains\Immersion_in_python\.git\objects\e6"
"9de29bb2d1d6434b8b29ae775ad8c2e48c5391"	"15"	"file"	"G:\Домашнее задание GeekBrains\Immersion_in_python\.git\objects\e6"
"f28d66b5a9be190d49462504ffc6616876041d"	"515"	"file"	"G:\Домашнее задание GeekBrains\Immersion_in_python\.git\objects\e8"
"1a9a8cf8d90931ca5253ebb0b6909bc481a1a3"	"3023"	"file"	"G:\Домашнее задание GeekBrains\Immersion_in_python\.git\objects\eb"
"c93b734b609d4d48f59ea89f97b686704e1bc3"	"218"	"file"	"G:\Домашнее задание GeekBrains\Immersion_in_python\.git\objects\ed"
"2a89db6539cf3b75f9e5a7af99d04f0e487605"	"158"	"file"	"G:\Домашнее задание GeekBrains\Immersion_in_python\.git\objects\ee"
"bb50589725614eccfca2050736a5aeb4b931d3"	"766"	"file"	"G:\Домашнее задание GeekBrains\Immersion_in_python\.git\objects\ef"
"e8063ab1397cb3be99fc1110832dee20f4a3cf"	"65"	"file"	"G:\Домашнее задание GeekBrains\Immersion_in_python\.git\objects\ef"
"3d30bcfaa66a90e82fa4b9c50daad7d36e63fa"	"107"	"file"	"G:\Домашнее задание GeekBrains\Immersion_in_python\.git\objects\f1"
"e723840c4ad3b33bb7a6a3d56c5f1f4bec36a7"	"626"	"file"	"G:\Домашнее задание GeekBrains\Immersion_in_python\.git\objects\f2"
"7406ff322a9a1f3a2ef27f826a36cf375cf4ac"	"90"	"file"	"G:\Домашнее задание GeekBrains\Immersion_in_python\.git\objects\f4"
"fa75725127b7195b83a9f6ef3e8f6603332032"	"625"	"file"	"G:\Домашнее задание GeekBrains\Immersion_in_python\.git\objects\f4"
"a34fb8e9eb740076ab01f044eb71f816c91074"	"3067"	"file"	"G:\Домашнее задание GeekBrains\Immersion_in_python\.git\objects\f6"
"d1787ced92bbd7881d63ebfb270c5f1bcedb90"	"185"	"file"	"G:\Домашнее задание GeekBrains\Immersion_in_python\.git\objects\f7"
"23170b82517047a583f8e768d2f01b760d2eb3"	"324"	"file"	"G:\Домашнее задание GeekBrains\Immersion_in_python\.git\objects\f8"
"c63385509d5e3fb17725daf4f04c0ece0283ff"	"292"	"file"	"G:\Домашнее задание GeekBrains\Immersion_in_python\.git\objects\f8"
"41796f9d73dabe638a18902685792303921051"	"270"	"file"	"G:\Домашнее задание GeekBrains\Immersion_in_python\.git\objects\fa"
"e765fbe89803069d0c88fc37f6bd09fb8d4fab"	"243"	"file"	"G:\Домашнее задание GeekBrains\Immersion_in_python\.git\objects\fd"
"479fe4bf1680861ee16b620b2c3621fad97ca1"	"574"	"file"	"G:\Домашнее задание GeekBrains\Immersion_in_python\.git\objects\fe"
"6a21dca416110ecda63f86ede4a1d9b8e4092c"	"1013"	"file"	"G:\Домашнее задание GeekBrains\Immersion_in_python\.git\objects\ff"
"pack-6104fb3f32ce759d0f57bfb9e34598a0b482074b.idx"	"1156"	"file"	"G:\Домашнее задание GeekBrains\Immersion_in_python\.git\objects\pack"
"pack-6104fb3f32ce759d0f57bfb9e34598a0b482074b.pack"	"628"	"file"	"G:\Домашнее задание GeekBrains\Immersion_in_python\.git\objects\pack"
"Home_Work_1"	"41"	"file"	"G:\Домашнее задание GeekBrains\Immersion_in_python\.git\refs\heads"
"Home_Work_2"	"41"	"file"	"G:\Домашнее задание GeekBrains\Immersion_in_python\.git\refs\heads"
"Home_Work_3"	"41"	"file"	"G:\Домашнее задание GeekBrains\Immersion_in_python\.git\refs\heads"
"Home_Work_4"	"41"	"file"	"G:\Домашнее задание GeekBrains\Immersion_in_python\.git\refs\heads"
"Home_Work_5"	"41"	"file"	"G:\Домашнее задание GeekBrains\Immersion_in_python\.git\refs\heads"
"Home_Work_6"	"41"	"file"	"G:\Домашнее задание GeekBrains\Immersion_in_python\.git\refs\heads"
"Home_Work_7"	"41"	"file"	"G:\Домашнее задание GeekBrains\Immersion_in_python\.git\refs\heads"
"Home_Work_8"	"41"	"file"	"G:\Домашнее задание GeekBrains\Immersion_in_python\.git\refs\heads"
"main"	"41"	"file"	"G:\Домашнее задание GeekBrains\Immersion_in_python\.git\refs\heads"
"HEAD"	"30"	"file"	"G:\Домашнее задание GeekBrains\Immersion_in_python\.git\refs\remotes\origin"
"Home_Work_1"	"41"	"file"	"G:\Домашнее задание GeekBrains\Immersion_in_python\.git\refs\remotes\origin"
"Home_Work_2"	"41"	"file"	"G:\Домашнее задание GeekBrains\Immersion_in_python\.git\refs\remotes\origin"
"Home_Work_3"	"41"	"file"	"G:\Домашнее задание GeekBrains\Immersion_in_python\.git\refs\remotes\origin"
"Home_Work_4"	"41"	"file"	"G:\Домашнее задание GeekBrains\Immersion_in_python\.git\refs\remotes\origin"
"Home_Work_5"	"41"	"file"	"G:\Домашнее задание GeekBrains\Immersion_in_python\.git\refs\remotes\origin"
"Home_Work_6"	"41"	"file"	"G:\Домашнее задание GeekBrains\Immersion_in_python\.git\refs\remotes\origin"
"Home_Work_7"	"41"	"file"	"G:\Домашнее задание GeekBrains\Immersion_in_python\.git\refs\remotes\origin"
"Home_Work_8"	"41"	"file"	"G:\Домашнее задание GeekBrains\Immersion_in_python\.git\refs\remotes\origin"
"main"	"41"	"file"	"G:\Домашнее задание GeekBrains\Immersion_in_python\.git\refs\remotes\origin"
".gitignore"	"50"	"file"	"G:\Домашнее задание GeekBrains\Immersion_in_python\.idea"
"Immersion_in_python.iml"	"291"	"file"	"G:\Домашнее задание GeekBrains\Immersion_in_python\.idea"
"misc.xml"	"189"	"file"	"G:\Домашнее задание GeekBrains\Immersion_in_python\.idea"
"modules.xml"	"297"	"file"	"G:\Домашнее задание GeekBrains\Immersion_in_python\.idea"
"vcs.xml"	"172"	"file"	"G:\Домашнее задание GeekBrains\Immersion_in_python\.idea"
"workspace.xml"	"9017"	"file"	"G:\Домашнее задание GeekBrains\Immersion_in_python\.idea"
"profiles_settings.xml"	"174"	"file"	"G:\Домашнее задание GeekBrains\Immersion_in_python\.idea\inspectionProfiles"
"task1.py"	"1609"	"file"	"G:\Домашнее задание GeekBrains\Immersion_in_python\Home_Work_1"
"task2.py"	"1119"	"file"	"G:\Домашнее задание GeekBrains\Immersion_in_python\Home_Work_1"
"task3.py"	"1031"	"file"	"G:\Домашнее задание GeekBrains\Immersion_in_python\Home_Work_1"
"task7.py"	"1621"	"file"	"G:\Домашнее задание GeekBrains\Immersion_in_python\Home_Work_1"
"task8.py"	"460"	"file"	"G:\Домашнее задание GeekBrains\Immersion_in_python\Home_Work_1"
"task9.py"	"334"	"file"	"G:\Домашнее задание GeekBrains\Immersion_in_python\Home_Work_1"
"task1.py"	"3133"	"file"	"G:\Домашнее задание GeekBrains\Immersion_in_python\Home_Work_2"
"task2.py"	"787"	"file"	"G:\Домашнее задание GeekBrains\Immersion_in_python\Home_Work_2"
"task3.py"	"2049"	"file"	"G:\Домашнее задание GeekBrains\Immersion_in_python\Home_Work_2"
"hw_task1.py"	"440"	"file"	"G:\Домашнее задание GeekBrains\Immersion_in_python\Home_Work_3"
"hw_task2.py"	"5091"	"file"	"G:\Домашнее задание GeekBrains\Immersion_in_python\Home_Work_3"
"hw_task3.py"	"1896"	"file"	"G:\Домашнее задание GeekBrains\Immersion_in_python\Home_Work_3"
"task4.py"	"472"	"file"	"G:\Домашнее задание GeekBrains\Immersion_in_python\Home_Work_3"
"task5.py"	"716"	"file"	"G:\Домашнее задание GeekBrains\Immersion_in_python\Home_Work_3"
"task6.py"	"1837"	"file"	"G:\Домашнее задание GeekBrains\Immersion_in_python\Home_Work_3"
"task7.py"	"1109"	"file"	"G:\Домашнее задание GeekBrains\Immersion_in_python\Home_Work_3"
"task8.py"	"2627"	"file"	"G:\Домашнее задание GeekBrains\Immersion_in_python\Home_Work_3"
"task1.py"	"610"	"file"	"G:\Домашнее задание GeekBrains\Immersion_in_python\Home_Work_4"
"task2.py"	"714"	"file"	"G:\Домашнее задание GeekBrains\Immersion_in_python\Home_Work_4"
"task3.py"	"3146"	"file"	"G:\Домашнее задание GeekBrains\Immersion_in_python\Home_Work_4"
"task6.py"	"856"	"file"	"G:\Домашнее задание GeekBrains\Immersion_in_python\Home_Work_4"
"task7.py"	"1071"	"file"	"G:\Домашнее задание GeekBrains\Immersion_in_python\Home_Work_4"
"task8.py"	"1076"	"file"	"G:\Домашнее задание GeekBrains\Immersion_in_python\Home_Work_4"
"task1.py"	"609"	"file"	"G:\Домашнее задание GeekBrains\Immersion_in_python\Home_Work_5"
"task2.py"	"920"	"file"	"G:\Домашнее задание GeekBrains\Immersion_in_python\Home_Work_5"
"task3.py"	"477"	"file"	"G:\Домашнее задание GeekBrains\Immersion_in_python\Home_Work_5"
"main.py"	"145"	"file"	"G:\Домашнее задание GeekBrains\Immersion_in_python\Home_Work_6"
"__init__.py"	"480"	"file"	"G:\Домашнее задание GeekBrains\Immersion_in_python\Home_Work_6"
"check_queen.py"	"2358"	"file"	"G:\Домашнее задание GeekBrains\Immersion_in_python\Home_Work_6\chess"
"riddle.py"	"2907"	"file"	"G:\Домашнее задание GeekBrains\Immersion_in_python\Home_Work_6\enigma"
"riddle.cpython-310.pyc"	"1569"	"file"	"G:\Домашнее задание GeekBrains\Immersion_in_python\Home_Work_6\enigma\__pycache__"
"game.py"	"2444"	"file"	"G:\Домашнее задание GeekBrains\Immersion_in_python\Home_Work_6\game"
"game.cpython-310.pyc"	"1321"	"file"	"G:\Домашнее задание GeekBrains\Immersion_in_python\Home_Work_6\game\__pycache__"
"task.py"	"1689"	"file"	"G:\Домашнее задание GeekBrains\Immersion_in_python\Home_Work_6\years"
"task.cpython-310.pyc"	"917"	"file"	"G:\Домашнее задание GeekBrains\Immersion_in_python\Home_Work_6\years\__pycache__"
"main.py"	"150"	"file"	"G:\Домашнее задание GeekBrains\Immersion_in_python\Home_Work_7"
"__init__.py"	"206"	"file"	"G:\Домашнее задание GeekBrains\Immersion_in_python\Home_Work_7"
"5xRVCmYflPtRR_test_1_test_0_test_1.txt"	"2841"	"file"	"G:\Домашнее задание GeekBrains\Immersion_in_python\Home_Work_7\Doc"
"8Mze42Tixygq4T2b45tnyD_test_2_test_2_test_1_test_1_test_2.txt"	"4009"	"file"	"G:\Домашнее задание GeekBrains\Immersion_in_python\Home_Work_7\Doc"
"8OuLFqmhhLw7GTpVQ9jik_test_3_test_3_test_2_test_3.txt"	"4042"	"file"	"G:\Домашнее задание GeekBrains\Immersion_in_python\Home_Work_7\Doc"
"AUDfy1E9Q2_test_4_test_4_test_3_test_4.txt"	"413"	"file"	"G:\Домашнее задание GeekBrains\Immersion_in_python\Home_Work_7\Doc"
"file_1_test_5_test_5_test_2_test_4_test_5.txt"	"50"	"file"	"G:\Домашнее задание GeekBrains\Immersion_in_python\Home_Work_7\Doc"
"file_4_test_6_test_6_test_5_test_6.txt"	"122"	"file"	"G:\Домашнее задание GeekBrains\Immersion_in_python\Home_Work_7\Doc"
"knKgf9oG7r4jP_test_7_test_7_test_6_test_7.txt"	"2416"	"file"	"G:\Домашнее задание GeekBrains\Immersion_in_python\Home_Work_7\Doc"
"kznWrxfZIdUTlJ_test_8_test_7_test_8.txt"	"1084"	"file"	"G:\Домашнее задание GeekBrains\Immersion_in_python\Home_Work_7\Doc"
"results_test_9_test_9_test_8_test_9.txt"	"111"	"file"	"G:\Домашнее задание GeekBrains\Immersion_in_python\Home_Work_7\Doc"
"BfK0p60MbHOrPertxHeXIoPo0Sa.png"	"3980"	"file"	"G:\Домашнее задание GeekBrains\Immersion_in_python\Home_Work_7\Image"
"PP4lTwNP2DF.png"	"1646"	"file"	"G:\Домашнее задание GeekBrains\Immersion_in_python\Home_Work_7\Image"
"xBnAZH0sso59alAWsiORk.png"	"318"	"file"	"G:\Домашнее задание GeekBrains\Immersion_in_python\Home_Work_7\Image"
"task1.py"	"1632"	"file"	"G:\Домашнее задание GeekBrains\Immersion_in_python\Home_Work_7\Tasks"
"task2.py"	"1282"	"file"	"G:\Домашнее задание GeekBrains\Immersion_in_python\Home_Work_7\Tasks"
"task3.py"	"2959"	"file"	"G:\Домашнее задание GeekBrains\Immersion_in_python\Home_Work_7\Tasks"
"task4.py"	"3207"	"file"	"G:\Домашнее задание GeekBrains\Immersion_in_python\Home_Work_7\Tasks"
"task5.py"	"999"	"file"	"G:\Домашнее задание GeekBrains\Immersion_in_python\Home_Work_7\Tasks"
"task6.py"	"1503"	"file"	"G:\Домашнее задание GeekBrains\Immersion_in_python\Home_Work_7\Tasks"
"directories.csv"	"62567"	"file"	"G:\Домашнее задание GeekBrains\Immersion_in_python\Home_Work_8"
"directories.json"	"99276"	"file"	"G:\Домашнее задание GeekBrains\Immersion_in_python\Home_Work_8"
"directories.pickle"	"36018"	"file"	"G:\Домашнее задание GeekBrains\Immersion_in_python\Home_Work_8"
"file.json"	"115"	"file"	"G:\Домашнее задание GeekBrains\Immersion_in_python\Home_Work_8"
"file.pickle"	"83"	"file"	"G:\Домашнее задание GeekBrains\Immersion_in_python\Home_Work_8"
"result.pickle"	"2679"	"file"	"G:\Домашнее задание GeekBrains\Immersion_in_python\Home_Work_8"
"results.json"	"3266"	"file"	"G:\Домашнее задание GeekBrains\Immersion_in_python\Home_Work_8"
"results.txt"	"4904"	"file"	"G:\Домашнее задание GeekBrains\Immersion_in_python\Home_Work_8"
"task1.py"	"959"	"file"	"G:\Домашнее задание GeekBrains\Immersion_in_python\Home_Work_8"
"task2.py"	"1697"	"file"	"G:\Домашнее задание GeekBrains\Immersion_in_python\Home_Work_8"
"task3.py"	"841"	"file"	"G:\Домашнее задание GeekBrains\Immersion_in_python\Home_Work_8"
"task4.py"	"1287"	"file"	"G:\Домашнее задание GeekBrains\Immersion_in_python\Home_Work_8"
"task5.py"	"777"	"file"	"G:\Домашнее задание GeekBrains\Immersion_in_python\Home_Work_8"
"task6.py"	"1025"	"file"	"G:\Домашнее задание GeekBrains\Immersion_in_python\Home_Work_8"
"task7.py"	"923"	"file"	"G:\Домашнее задание GeekBrains\Immersion_in_python\Home_Work_8"
"task8.py"	"2509"	"file"	"G:\Домашнее задание GeekBrains\Immersion_in_python\Home_Work_8"
"user.pickle"	"79"	"file"	"G:\Домашнее задание GeekBrains\Immersion_in_python\Home_Work_8"
"users.csv"	"36"	"file"	"G:\Домашнее задание GeekBrains\Immersion_in_python\Home_Work_8"
"users.json"	"136"	"file"	"G:\Домашнее задание GeekBrains\Immersion_in_python\Home_Work_8"
"users_tab.csv"	"54"	"file"	"G:\Домашнее задание GeekBrains\Immersion_in_python\Home_Work_8"
".git"	"28028"	"directory"	"G:\Домашнее задание GeekBrains\Immersion_in_python"
".idea"	"10016"	"directory"	"G:\Домашнее задание GeekBrains\Immersion_in_python"
"Home_Work_1"	"6174"	"directory"	"G:\Домашнее задание GeekBrains\Immersion_in_python"
"Home_Work_2"	"5969"	"directory"	"G:\Домашнее задание GeekBrains\Immersion_in_python"
"Home_Work_3"	"14188"	"directory"	"G:\Домашнее задание GeekBrains\Immersion_in_python"
"Home_Work_4"	"7473"	"directory"	"G:\Домашнее задание GeekBrains\Immersion_in_python"
"Home_Work_5"	"2006"	"directory"	"G:\Домашнее задание GeekBrains\Immersion_in_python"
"Home_Work_6"	"625"	"directory"	"G:\Домашнее задание GeekBrains\Immersion_in_python"
"Home_Work_7"	"4452"	"directory"	"G:\Домашнее задание GeekBrains\Immersion_in_python"
"Home_Work_8"	"219231"	"directory"	"G:\Домашнее задание GeekBrains\Immersion_in_python"
"hooks"	"23513"	"directory"	"G:\Домашнее задание GeekBrains\Immersion_in_python\.git"
"info"	"240"	"directory"	"G:\Домашнее задание GeekBrains\Immersion_in_python\.git"
"logs"	"7115"	"directory"	"G:\Домашнее задание GeekBrains\Immersion_in_python\.git"
"objects"	"0"	"directory"	"G:\Домашнее задание GeekBrains\Immersion_in_python\.git"
"refs"	"4096"	"directory"	"G:\Домашнее задание GeekBrains\Immersion_in_python\.git"
"refs"	"4096"	"directory"	"G:\Домашнее задание GeekBrains\Immersion_in_python\.git\logs"
"heads"	"5986"	"directory"	"G:\Домашнее задание GeekBrains\Immersion_in_python\.git\logs\refs"
"remotes"	"4096"	"directory"	"G:\Домашнее задание GeekBrains\Immersion_in_python\.git\logs\refs"
"origin"	"4973"	"directory"	"G:\Домашнее задание GeekBrains\Immersion_in_python\.git\logs\refs\remotes"
"01"	"296"	"directory"	"G:\Домашнее задание GeekBrains\Immersion_in_python\.git\objects"
"02"	"1500"	"directory"	"G:\Домашнее задание GeekBrains\Immersion_in_python\.git\objects"
"04"	"163"	"directory"	"G:\Домашнее задание GeekBrains\Immersion_in_python\.git\objects"
"07"	"870"	"directory"	"G:\Домашнее задание GeekBrains\Immersion_in_python\.git\objects"
"08"	"880"	"directory"	"G:\Домашнее задание GeekBrains\Immersion_in_python\.git\objects"
"0b"	"926"	"directory"	"G:\Домашнее задание GeekBrains\Immersion_in_python\.git\objects"
"0c"	"1254"	"directory"	"G:\Домашнее задание GeekBrains\Immersion_in_python\.git\objects"
"12"	"451"	"directory"	"G:\Домашнее задание GeekBrains\Immersion_in_python\.git\objects"
"13"	"65"	"directory"	"G:\Домашнее задание GeekBrains\Immersion_in_python\.git\objects"
"16"	"162"	"directory"	"G:\Домашнее задание GeekBrains\Immersion_in_python\.git\objects"
"17"	"1189"	"directory"	"G:\Домашнее задание GeekBrains\Immersion_in_python\.git\objects"
"19"	"157"	"directory"	"G:\Домашнее задание GeekBrains\Immersion_in_python\.git\objects"
"1b"	"1064"	"directory"	"G:\Домашнее задание GeekBrains\Immersion_in_python\.git\objects"
"1f"	"89"	"directory"	"G:\Домашнее задание GeekBrains\Immersion_in_python\.git\objects"
"23"	"297"	"directory"	"G:\Домашнее задание GeekBrains\Immersion_in_python\.git\objects"
"24"	"199"	"directory"	"G:\Домашнее задание GeekBrains\Immersion_in_python\.git\objects"
"25"	"199"	"directory"	"G:\Домашнее задание GeekBrains\Immersion_in_python\.git\objects"
"27"	"443"	"directory"	"G:\Домашнее задание GeekBrains\Immersion_in_python\.git\objects"
"2a"	"626"	"directory"	"G:\Домашнее задание GeekBrains\Immersion_in_python\.git\objects"
"2b"	"3372"	"directory"	"G:\Домашнее задание GeekBrains\Immersion_in_python\.git\objects"
"2d"	"627"	"directory"	"G:\Домашнее задание GeekBrains\Immersion_in_python\.git\objects"
"2e"	"117"	"directory"	"G:\Домашнее задание GeekBrains\Immersion_in_python\.git\objects"
"2f"	"91"	"directory"	"G:\Домашнее задание GeekBrains\Immersion_in_python\.git\objects"
"31"	"686"	"directory"	"G:\Домашнее задание GeekBrains\Immersion_in_python\.git\objects"
"34"	"544"	"directory"	"G:\Домашнее задание GeekBrains\Immersion_in_python\.git\objects"
"36"	"106"	"directory"	"G:\Домашнее задание GeekBrains\Immersion_in_python\.git\objects"
"38"	"1052"	"directory"	"G:\Домашнее задание GeekBrains\Immersion_in_python\.git\objects"
"39"	"673"	"directory"	"G:\Домашнее задание GeekBrains\Immersion_in_python\.git\objects"
"3a"	"2167"	"directory"	"G:\Домашнее задание GeekBrains\Immersion_in_python\.git\objects"
"3c"	"413"	"directory"	"G:\Домашнее задание GeekBrains\Immersion_in_python\.git\objects"
"3d"	"513"	"directory"	"G:\Домашнее задание GeekBrains\Immersion_in_python\.git\objects"
"40"	"463"	"directory"	"G:\Домашнее задание GeekBrains\Immersion_in_python\.git\objects"
"41"	"1634"	"directory"	"G:\Домашнее задание GeekBrains\Immersion_in_python\.git\objects"
"42"	"535"	"directory"	"G:\Домашнее задание GeekBrains\Immersion_in_python\.git\objects"
"44"	"664"	"directory"	"G:\Домашнее задание GeekBrains\Immersion_in_python\.git\objects"
"46"	"330"	"directory"	"G:\Домашнее задание GeekBrains\Immersion_in_python\.git\objects"
"47"	"752"	"directory"	"G:\Домашнее задание GeekBrains\Immersion_in_python\.git\objects"
"48"	"143"	"directory"	"G:\Домашнее задание GeekBrains\Immersion_in_python\.git\objects"
"4c"	"1281"	"directory"	"G:\Домашнее задание GeekBrains\Immersion_in_python\.git\objects"
"4e"	"351"	"directory"	"G:\Домашнее задание GeekBrains\Immersion_in_python\.git\objects"
"4f"	"169"	"directory"	"G:\Домашнее задание GeekBrains\Immersion_in_python\.git\objects"
"51"	"1922"	"directory"	"G:\Домашнее задание GeekBrains\Immersion_in_python\.git\objects"
"52"	"173"	"directory"	"G:\Домашнее задание GeekBrains\Immersion_in_python\.git\objects"
"54"	"3208"	"directory"	"G:\Домашнее задание GeekBrains\Immersion_in_python\.git\objects"
"57"	"1371"	"directory"	"G:\Домашнее задание GeekBrains\Immersion_in_python\.git\objects"
"59"	"1624"	"directory"	"G:\Домашнее задание GeekBrains\Immersion_in_python\.git\objects"
"5a"	"2385"	"directory"	"G:\Домашнее задание GeekBrains\Immersion_in_python\.git\objects"
"5b"	"67"	"directory"	"G:\Домашнее задание GeekBrains\Immersion_in_python\.git\objects"
"5c"	"57"	"directory"	"G:\Домашнее задание GeekBrains\Immersion_in_python\.git\objects"
"5e"	"1257"	"directory"	"G:\Домашнее задание GeekBrains\Immersion_in_python\.git\objects"
"5f"	"1011"	"directory"	"G:\Домашнее задание GeekBrains\Immersion_in_python\.git\objects"
"63"	"674"	"directory"	"G:\Домашнее задание GeekBrains\Immersion_in_python\.git\objects"
"65"	"869"	"directory"	"G:\Домашнее задание GeekBrains\Immersion_in_python\.git\objects"
"66"	"105"	"directory"	"G:\Домашнее задание GeekBrains\Immersion_in_python\.git\objects"
"67"	"106"	"directory"	"G:\Домашнее задание GeekBrains\Immersion_in_python\.git\objects"
"6a"	"394"	"directory"	"G:\Домашнее задание GeekBrains\Immersion_in_python\.git\objects"
"6b"	"678"	"directory"	"G:\Домашнее задание GeekBrains\Immersion_in_python\.git\objects"
"6e"	"1032"	"directory"	"G:\Домашнее задание GeekBrains\Immersion_in_python\.git\objects"
"6f"	"723"	"directory"	"G:\Домашнее задание GeekBrains\Immersion_in_python\.git\objects"
"71"	"171"	"directory"	"G:\Домашнее задание GeekBrains\Immersion_in_python\.git\objects"
"72"	"2016"	"directory"	"G:\Домашнее задание GeekBrains\Immersion_in_python\.git\objects"
"73"	"408"	"directory"	"G:\Домашнее задание GeekBrains\Immersion_in_python\.git\objects"
"78"	"61"	"directory"	"G:\Домашнее задание GeekBrains\Immersion_in_python\.git\objects"
"7a"	"308"	"directory"	"G:\Домашнее задание GeekBrains\Immersion_in_python\.git\objects"
"7b"	"59"	"directory"	"G:\Домашнее задание GeekBrains\Immersion_in_python\.git\objects"
"7c"	"696"	"directory"	"G:\Домашнее задание GeekBrains\Immersion_in_python\.git\objects"
"7f"	"622"	"directory"	"G:\Домашнее задание GeekBrains\Immersion_in_python\.git\objects"
"80"	"204"	"directory"	"G:\Домашнее задание GeekBrains\Immersion_in_python\.git\objects"
"81"	"287"	"directory"	"G:\Домашнее задание GeekBrains\Immersion_in_python\.git\objects"
"83"	"258"	"directory"	"G:\Домашнее задание GeekBrains\Immersion_in_python\.git\objects"
"85"	"321"	"directory"	"G:\Домашнее задание GeekBrains\Immersion_in_python\.git\objects"
"87"	"1651"	"directory"	"G:\Домашнее задание GeekBrains\Immersion_in_python\.git\objects"
"8a"	"796"	"directory"	"G:\Домашнее задание GeekBrains\Immersion_in_python\.git\objects"
"8c"	"686"	"directory"	"G:\Домашнее задание GeekBrains\Immersion_in_python\.git\objects"
"8d"	"412"	"directory"	"G:\Домашнее задание GeekBrains\Immersion_in_python\.git\objects"
"8e"	"166"	"directory"	"G:\Домашнее задание GeekBrains\Immersion_in_python\.git\objects"
"90"	"167"	"directory"	"G:\Домашнее задание GeekBrains\Immersion_in_python\.git\objects"
"94"	"2922"	"directory"	"G:\Домашнее задание GeekBrains\Immersion_in_python\.git\objects"
"96"	"340"	"directory"	"G:\Домашнее задание GeekBrains\Immersion_in_python\.git\objects"
"97"	"1356"	"directory"	"G:\Домашнее задание GeekBrains\Immersion_in_python\.git\objects"
"98"	"303"	"directory"	"G:\Домашнее задание GeekBrains\Immersion_in_python\.git\objects"
"99"	"158"	"directory"	"G:\Домашнее задание GeekBrains\Immersion_in_python\.git\objects"
"9b"	"106"	"directory"	"G:\Домашнее задание GeekBrains\Immersion_in_python\.git\objects"
"9c"	"162"	"directory"	"G:\Домашнее задание GeekBrains\Immersion_in_python\.git\objects"
"a0"	"161"	"directory"	"G:\Домашнее задание GeekBrains\Immersion_in_python\.git\objects"
"a2"	"311"	"directory"	"G:\Домашнее задание GeekBrains\Immersion_in_python\.git\objects"
"a3"	"629"	"directory"	"G:\Домашнее задание GeekBrains\Immersion_in_python\.git\objects"
"a9"	"592"	"directory"	"G:\Домашнее задание GeekBrains\Immersion_in_python\.git\objects"
"ab"	"632"	"directory"	"G:\Домашнее задание GeekBrains\Immersion_in_python\.git\objects"
"ac"	"556"	"directory"	"G:\Домашнее задание GeekBrains\Immersion_in_python\.git\objects"
"ad"	"98"	"directory"	"G:\Домашнее задание GeekBrains\Immersion_in_python\.git\objects"
"af"	"1076"	"directory"	"G:\Домашнее задание GeekBrains\Immersion_in_python\.git\objects"
"b1"	"218"	"directory"	"G:\Домашнее задание GeekBrains\Immersion_in_python\.git\objects"
"b2"	"185"	"directory"	"G:\Домашнее задание GeekBrains\Immersion_in_python\.git\objects"
"b5"	"1130"	"directory"	"G:\Домашнее задание GeekBrains\Immersion_in_python\.git\objects"
"b6"	"97"	"directory"	"G:\Домашнее задание GeekBrains\Immersion_in_python\.git\objects"
"b7"	"1268"	"directory"	"G:\Домашнее задание GeekBrains\Immersion_in_python\.git\objects"
"b8"	"361"	"directory"	"G:\Домашнее задание GeekBrains\Immersion_in_python\.git\objects"
"b9"	"842"	"directory"	"G:\Домашнее задание GeekBrains\Immersion_in_python\.git\objects"
"ba"	"107"	"directory"	"G:\Домашнее задание GeekBrains\Immersion_in_python\.git\objects"
"bc"	"1183"	"directory"	"G:\Домашнее задание GeekBrains\Immersion_in_python\.git\objects"
"bf"	"716"	"directory"	"G:\Домашнее задание GeekBrains\Immersion_in_python\.git\objects"
"c0"	"244"	"directory"	"G:\Домашнее задание GeekBrains\Immersion_in_python\.git\objects"
"c1"	"1248"	"directory"	"G:\Домашнее задание GeekBrains\Immersion_in_python\.git\objects"
"c3"	"163"	"directory"	"G:\Домашнее задание GeekBrains\Immersion_in_python\.git\objects"
"c9"	"166"	"directory"	"G:\Домашнее задание GeekBrains\Immersion_in_python\.git\objects"
"ca"	"1130"	"directory"	"G:\Домашнее задание GeekBrains\Immersion_in_python\.git\objects"
"cb"	"817"	"directory"	"G:\Домашнее задание GeekBrains\Immersion_in_python\.git\objects"
"ce"	"495"	"directory"	"G:\Домашнее задание GeekBrains\Immersion_in_python\.git\objects"
"cf"	"183"	"directory"	"G:\Домашнее задание GeekBrains\Immersion_in_python\.git\objects"
"d0"	"894"	"directory"	"G:\Домашнее задание GeekBrains\Immersion_in_python\.git\objects"
"d4"	"334"	"directory"	"G:\Домашнее задание GeekBrains\Immersion_in_python\.git\objects"
"d7"	"168"	"directory"	"G:\Домашнее задание GeekBrains\Immersion_in_python\.git\objects"
"d9"	"117"	"directory"	"G:\Домашнее задание GeekBrains\Immersion_in_python\.git\objects"
"db"	"517"	"directory"	"G:\Домашнее задание GeekBrains\Immersion_in_python\.git\objects"
"dc"	"1178"	"directory"	"G:\Домашнее задание GeekBrains\Immersion_in_python\.git\objects"
"dd"	"242"	"directory"	"G:\Домашнее задание GeekBrains\Immersion_in_python\.git\objects"
"df"	"2779"	"directory"	"G:\Домашнее задание GeekBrains\Immersion_in_python\.git\objects"
"e1"	"632"	"directory"	"G:\Домашнее задание GeekBrains\Immersion_in_python\.git\objects"
"e2"	"193"	"directory"	"G:\Домашнее задание GeekBrains\Immersion_in_python\.git\objects"
"e3"	"1851"	"directory"	"G:\Домашнее задание GeekBrains\Immersion_in_python\.git\objects"
"e5"	"58"	"directory"	"G:\Домашнее задание GeekBrains\Immersion_in_python\.git\objects"
"e6"	"81"	"directory"	"G:\Домашнее задание GeekBrains\Immersion_in_python\.git\objects"
"e8"	"515"	"directory"	"G:\Домашнее задание GeekBrains\Immersion_in_python\.git\objects"
"eb"	"3023"	"directory"	"G:\Домашнее задание GeekBrains\Immersion_in_python\.git\objects"
"ed"	"218"	"directory"	"G:\Домашнее задание GeekBrains\Immersion_in_python\.git\objects"
"ee"	"158"	"directory"	"G:\Домашнее задание GeekBrains\Immersion_in_python\.git\objects"
"ef"	"831"	"directory"	"G:\Домашнее задание GeekBrains\Immersion_in_python\.git\objects"
"f1"	"107"	"directory"	"G:\Домашнее задание GeekBrains\Immersion_in_python\.git\objects"
"f2"	"626"	"directory"	"G:\Домашнее задание GeekBrains\Immersion_in_python\.git\objects"
"f4"	"715"	"directory"	"G:\Домашнее задание GeekBrains\Immersion_in_python\.git\objects"
"f6"	"3067"	"directory"	"G:\Домашнее задание GeekBrains\Immersion_in_python\.git\objects"
"f7"	"185"	"directory"	"G:\Домашнее задание GeekBrains\Immersion_in_python\.git\objects"
"f8"	"616"	"directory"	"G:\Домашнее задание GeekBrains\Immersion_in_python\.git\objects"
"fa"	"270"	"directory"	"G:\Домашнее задание GeekBrains\Immersion_in_python\.git\objects"
"fd"	"243"	"directory"	"G:\Домашнее задание GeekBrains\Immersion_in_python\.git\objects"
"fe"	"574"	"directory"	"G:\Домашнее задание GeekBrains\Immersion_in_python\.git\objects"
"ff"	"1013"	"directory"	"G:\Домашнее задание GeekBrains\Immersion_in_python\.git\objects"
"info"	"0"	"directory"	"G:\Домашнее задание GeekBrains\Immersion_in_python\.git\objects"
"pack"	"1784"	"directory"	"G:\Домашнее задание GeekBrains\Immersion_in_python\.git\objects"
"heads"	"369"	"directory"	"G:\Домашнее задание GeekBrains\Immersion_in_python\.git\refs"
"remotes"	"4096"	"directory"	"G:\Домашнее задание GeekBrains\Immersion_in_python\.git\refs"
"tags"	"0"	"directory"	"G:\Домашнее задание GeekBrains\Immersion_in_python\.git\refs"
"origin"	"399"	"directory"	"G:\Домашнее задание GeekBrains\Immersion_in_python\.git\refs\remotes"
"inspectionProfiles"	"174"	"directory"	"G:\Домашнее задание GeekBrains\Immersion_in_python\.idea"
"chess"	"2358"	"directory"	"G:\Домашнее задание GeekBrains\Immersion_in_python\Home_Work_6"
"enigma"	"2907"	"directory"	"G:\Домашнее задание GeekBrains\Immersion_in_python\Home_Work_6"
"game"	"2444"	"directory"	"G:\Домашнее задание GeekBrains\Immersion_in_python\Home_Work_6"
"years"	"1689"	"directory"	"G:\Домашнее задание GeekBrains\Immersion_in_python\Home_Work_6"
"__pycache__"	"1569"	"directory"	"G:\Домашнее задание GeekBrains\Immersion_in_python\Home_Work_6\enigma"
"__pycache__"	"1321"	"directory"	"G:\Домашнее задание GeekBrains\Immersion_in_python\Home_Work_6\game"
"__pycache__"	"917"	"directory"	"G:\Домашнее задание GeekBrains\Immersion_in_python\Home_Work_6\years"
"Doc"	"15088"	"directory"	"G:\Домашнее задание GeekBrains\Immersion_in_python\Home_Work_7"
"Image"	"5944"	"directory"	"G:\Домашнее задание GeekBrains\Immersion_in_python\Home_Work_7"
"Tasks"	"11582"	"directory"	"G:\Домашнее задание GeekBrains\Immersion_in_python\Home_Work_7"
"Test"	"0"	"directory"	"G:\Домашнее задание GeekBrains\Immersion_in_python\Home_Work_7"
"Video"	"0"	"directory"	"G:\Домашнее задание GeekBrains\Immersion_in_python\Home_Work_7"
